Basic_Demos-Age,Basic_Demos-Sex,CGAS-CGAS_Score,Physical-BMI,Physical-Diastolic_BP,FGC-FGC_CU,FGC-FGC_CU_Zone,FGC-FGC_PU,FGC-FGC_PU_Zone,FGC-FGC_SRL,FGC-FGC_SRL_Zone,FGC-FGC_SRR,FGC-FGC_SRR_Zone,FGC-FGC_TL,FGC-FGC_TL_Zone,BIA-BIA_Activity_Level_num,BIA-BIA_DEE,SDS-SDS_Total_T,PreInt_EduHx-computerinternet_hoursday,sii
3320.0,3320.0,3320.0,3320.0,3320.0,3320.0,3320.0,3320.0,3320.0,3320.0,3320.0,3320.0,3320.0,3320.0,3320.0,3320.0,3320.0,3320.0,3320.0,3320.0
10.086746987951807,0.38674698795180723,65.15180722891566,18.192381068035544,67.62168674698795,8.574096385542168,0.2469879518072289,3.3379518072289156,0.1674698795180723,8.99066265060241,0.8120481927710843,9.056325301204819,0.811144578313253,9.294683734939758,0.8879518072289156,2.808132530120482,1822.3918644578314,55.57469879518072,1.0021084337349397,0.3521084337349398
3.418795718693272,0.48707824285634443,8.949112761027788,3.2114653446851364,8.681308748633395,5.927496360445157,0.4313246340020214,4.101558653763717,0.3734511035213063,1.9835475402119904,0.39073253115606993,2.0169985792403935,0.3914526875229827,2.1621308430437343,0.31547325114365565,0.7073795200478661,278.8857147974717,9.340621253044477,0.971573248381258,0.6511827237649921
5.0,0.0,35.0,8.522436082,39.0,0.0,0.0,0.0,0.0,1.0,0.0,1.0,0.0,0.0,0.0,1.0,1073.45,38.0,0.0,0.0
7.0,0.0,61.0,16.3574542,64.0,7.0,0.0,2.0,0.0,9.0,1.0,9.0,1.0,9.0,1.0,3.0,1788.8600000000001,51.0,0.0,0.0
9.0,0.0,65.0,17.45251808,67.0,8.0,0.0,2.0,0.0,9.0,1.0,9.0,1.0,9.5,1.0,3.0,1788.8600000000001,54.0,1.0,0.0
12.0,1.0,68.0,19.1269528825,71.0,9.0,0.0,3.0,0.0,9.0,1.0,9.0,1.0,10.0,1.0,3.0,1788.8600000000001,58.0,2.0,1.0
22.0,1.0,95.0,30.11668639,98.0,34.0,1.0,22.0,1.0,17.0,1.0,17.0,1.0,19.0,1.0,5.0,3125.82,89.0,3.0,3.0
